method,model_scale,variant,checkpoint,parameter_count,params_m,dataset,delta1,affine_delta1,evaluation_protocol,default_resolution,actual_speed_input,actual_accuracy_input,gpu,precision,tf32_allowed,batch_size,warmup,speed_samples,speed_input_source,model_only_definition,end_to_end_definition,model_only_latency_ms,model_only_fps,end_to_end_latency_ms,end_to_end_fps,eval_samples,status,note
MiDaS,LeViT,levit,/labdata/pretrained/MiDaS/dpt_levit_224.pt,50630837,50.630837,NYUD,0.9150202346624401,0.9150202346624401,affine-invariant scale+shift in inverse-depth space per image,224x224,224x224,224x224,NVIDIA RTX A6000,FP32,False,1,20,100,first 100 NYUD RGB files,CUDA events; prepared GPU tensor forward only,"wall time: file read/decode, preprocessing, H2D, inference, D2H and model-specific output processing",3.4219827032089234,292.22824506455333,10.101047568605281,98.99963278146176,654,success,
MiDaS,LeViT,levit,/labdata/pretrained/MiDaS/dpt_levit_224.pt,50630837,50.630837,KITTI,0.8537643973453707,0.8537643973453707,affine-invariant scale+shift in inverse-depth space per image,224x224,224x224,224x224,NVIDIA RTX A6000,FP32,False,1,20,100,first 100 NYUD RGB files,CUDA events; prepared GPU tensor forward only,"wall time: file read/decode, preprocessing, H2D, inference, D2H and model-specific output processing",3.4219827032089234,292.22824506455333,10.101047568605281,98.99963278146176,652,success,
MiDaS,Swin2-T,swin2_t,/labdata/pretrained/MiDaS/dpt_swin2_tiny_256.pt,41701331,41.701331,NYUD,0.9423030340829095,0.9423030340829095,affine-invariant scale+shift in inverse-depth space per image,256x256,256x256,256x256,NVIDIA RTX A6000,FP32,False,1,20,100,first 100 NYUD RGB files,CUDA events; prepared GPU tensor forward only,"wall time: file read/decode, preprocessing, H2D, inference, D2H and model-specific output processing",7.3059942293167115,136.87391046482176,13.659195051586721,73.21075628712359,654,success,
MiDaS,Swin2-T,swin2_t,/labdata/pretrained/MiDaS/dpt_swin2_tiny_256.pt,41701331,41.701331,KITTI,0.9019552814303832,0.9019552814303832,affine-invariant scale+shift in inverse-depth space per image,256x256,256x256,256x256,NVIDIA RTX A6000,FP32,False,1,20,100,first 100 NYUD RGB files,CUDA events; prepared GPU tensor forward only,"wall time: file read/decode, preprocessing, H2D, inference, D2H and model-specific output processing",7.3059942293167115,136.87391046482176,13.659195051586721,73.21075628712359,652,success,
MiDaS,Swin2-L,swin2_l,/labdata/pretrained/MiDaS/dpt_swin2_large_384.pt,213411869,213.411869,NYUD,0.9716033525138166,0.9716033525138166,affine-invariant scale+shift in inverse-depth space per image,384x384,384x384,384x384,NVIDIA RTX A6000,FP32,False,1,20,100,first 100 NYUD RGB files,CUDA events; prepared GPU tensor forward only,"wall time: file read/decode, preprocessing, H2D, inference, D2H and model-specific output processing",51.472292022705076,19.427928322268755,59.7712140501244,16.730461575724323,654,success,
MiDaS,Swin2-L,swin2_l,/labdata/pretrained/MiDaS/dpt_swin2_large_384.pt,213411869,213.411869,KITTI,0.9432109115650975,0.9432109115650975,affine-invariant scale+shift in inverse-depth space per image,384x384,384x384,384x384,NVIDIA RTX A6000,FP32,False,1,20,100,first 100 NYUD RGB files,CUDA events; prepared GPU tensor forward only,"wall time: file read/decode, preprocessing, H2D, inference, D2H and model-specific output processing",51.472292022705076,19.427928322268755,59.7712140501244,16.730461575724323,652,success,
MiDaS,BEiT-L,beit_l,/labdata/pretrained/MiDaS/dpt_beit_large_512.pt,345014441,345.014441,NYUD,0.9795873448503934,0.9795873448503934,affine-invariant scale+shift in inverse-depth space per image,512x512,512x512,512x512,NVIDIA RTX A6000,FP32,False,1,20,100,first 100 NYUD RGB files,CUDA events; prepared GPU tensor forward only,"wall time: file read/decode, preprocessing, H2D, inference, D2H and model-specific output processing",156.55548950195313,6.3875115665460225,173.25264408864314,5.771917682759053,654,success,
MiDaS,BEiT-L,beit_l,/labdata/pretrained/MiDaS/dpt_beit_large_512.pt,345014441,345.014441,KITTI,0.953493586328906,0.953493586328906,affine-invariant scale+shift in inverse-depth space per image,512x512,512x512,512x512,NVIDIA RTX A6000,FP32,False,1,20,100,first 100 NYUD RGB files,CUDA events; prepared GPU tensor forward only,"wall time: file read/decode, preprocessing, H2D, inference, D2H and model-specific output processing",156.55548950195313,6.3875115665460225,173.25264408864314,5.771917682759053,652,success,
Depth-Anything,S,S,/labdata/pretrained/Depth-Anything/depth_anything_vits14.pth,24785089,24.785089,NYUD,0.9702696608657263,0.9702696608657263,affine-invariant scale+shift in inverse-depth space per image,512x512 nominal; 518x518 patch-aligned,518x518,518x518,NVIDIA RTX A6000,FP32,False,1,20,100,first 100 NYUD RGB files,CUDA events; prepared GPU tensor forward only,"wall time: file read/decode, preprocessing, H2D, inference, D2H and model-specific output processing",13.425725450515747,74.48387081098736,21.824716188712046,45.81961072727304,654,success,
Depth-Anything,S,S,/labdata/pretrained/Depth-Anything/depth_anything_vits14.pth,24785089,24.785089,KITTI,0.9442786841443679,0.9442786841443679,affine-invariant scale+shift in inverse-depth space per image,512x512 nominal; 518x518 patch-aligned,518x518,518x518,NVIDIA RTX A6000,FP32,False,1,20,100,first 100 NYUD RGB files,CUDA events; prepared GPU tensor forward only,"wall time: file read/decode, preprocessing, H2D, inference, D2H and model-specific output processing",13.425725450515747,74.48387081098736,21.824716188712046,45.81961072727304,652,success,
Depth-Anything,B,B,/labdata/pretrained/Depth-Anything/depth_anything_vitb14.pth,97470785,97.470785,NYUD,0.9785129082170471,0.9785129082170471,affine-invariant scale+shift in inverse-depth space per image,512x512 nominal; 518x518 patch-aligned,518x518,518x518,NVIDIA RTX A6000,FP32,False,1,20,100,first 100 NYUD RGB files,CUDA events; prepared GPU tensor forward only,"wall time: file read/decode, preprocessing, H2D, inference, D2H and model-specific output processing",32.84115463256836,30.449599327068313,44.691300609265454,22.37571935404088,654,success,
Depth-Anything,B,B,/labdata/pretrained/Depth-Anything/depth_anything_vitb14.pth,97470785,97.470785,KITTI,0.9540483550539232,0.9540483550539232,affine-invariant scale+shift in inverse-depth space per image,512x512 nominal; 518x518 patch-aligned,518x518,518x518,NVIDIA RTX A6000,FP32,False,1,20,100,first 100 NYUD RGB files,CUDA events; prepared GPU tensor forward only,"wall time: file read/decode, preprocessing, H2D, inference, D2H and model-specific output processing",32.84115463256836,30.449599327068313,44.691300609265454,22.37571935404088,652,success,
Depth-Anything,L,L,/labdata/pretrained/Depth-Anything/depth_anything_vitl14.pth,335315649,335.315649,NYUD,0.9805719549943446,0.9805719549943446,affine-invariant scale+shift in inverse-depth space per image,512x512 nominal; 518x518 patch-aligned,518x518,518x518,NVIDIA RTX A6000,FP32,False,1,20,100,first 100 NYUD RGB files,CUDA events; prepared GPU tensor forward only,"wall time: file read/decode, preprocessing, H2D, inference, D2H and model-specific output processing",101.92772094726563,9.81087373195924,115.5956290801987,8.650846125905101,654,success,
Depth-Anything,L,L,/labdata/pretrained/Depth-Anything/depth_anything_vitl14.pth,335315649,335.315649,KITTI,0.9606784680354425,0.9606784680354425,affine-invariant scale+shift in inverse-depth space per image,512x512 nominal; 518x518 patch-aligned,518x518,518x518,NVIDIA RTX A6000,FP32,False,1,20,100,first 100 NYUD RGB files,CUDA events; prepared GPU tensor forward only,"wall time: file read/decode, preprocessing, H2D, inference, D2H and model-specific output processing",101.92772094726563,9.81087373195924,115.5956290801987,8.650846125905101,652,success,
Depth-Anything-V2,S,S,/labdata/pretrained/Depth-Anything-V2/depth_anything_v2_S.pth,24785089,24.785089,NYUD,0.9722385918136591,0.9722385918136591,affine-invariant scale+shift in inverse-depth space per image,512x512 nominal; 518x518 patch-aligned,518x518,518x518,NVIDIA RTX A6000,FP32,False,1,20,100,first 100 NYUD RGB files,CUDA events; prepared GPU tensor forward only,"wall time: file read/decode, preprocessing, H2D, inference, D2H and model-specific output processing",13.058263111114503,76.5798629948613,21.700044651224744,46.082854485903574,654,success,
Depth-Anything-V2,S,S,/labdata/pretrained/Depth-Anything-V2/depth_anything_v2_S.pth,24785089,24.785089,KITTI,0.9477681408750099,0.9477681408750099,affine-invariant scale+shift in inverse-depth space per image,512x512 nominal; 518x518 patch-aligned,518x518,518x518,NVIDIA RTX A6000,FP32,False,1,20,100,first 100 NYUD RGB files,CUDA events; prepared GPU tensor forward only,"wall time: file read/decode, preprocessing, H2D, inference, D2H and model-specific output processing",13.058263111114503,76.5798629948613,21.700044651224744,46.082854485903574,652,success,
Depth-Anything-V2,B,B,/labdata/pretrained/Depth-Anything-V2/depth_anything_v2_B.pth,97470785,97.470785,NYUD,0.9770378868080892,0.9770378868080892,affine-invariant scale+shift in inverse-depth space per image,512x512 nominal; 518x518 patch-aligned,518x518,518x518,NVIDIA RTX A6000,FP32,False,1,20,100,first 100 NYUD RGB files,CUDA events; prepared GPU tensor forward only,"wall time: file read/decode, preprocessing, H2D, inference, D2H and model-specific output processing",33.036185569763184,30.26983844391719,40.773137010401115,24.52595197040892,654,success,
Depth-Anything-V2,B,B,/labdata/pretrained/Depth-Anything-V2/depth_anything_v2_B.pth,97470785,97.470785,KITTI,0.9550150118528801,0.9550150118528801,affine-invariant scale+shift in inverse-depth space per image,512x512 nominal; 518x518 patch-aligned,518x518,518x518,NVIDIA RTX A6000,FP32,False,1,20,100,first 100 NYUD RGB files,CUDA events; prepared GPU tensor forward only,"wall time: file read/decode, preprocessing, H2D, inference, D2H and model-specific output processing",33.036185569763184,30.26983844391719,40.773137010401115,24.52595197040892,652,success,
Depth-Anything-V2,L,L,/labdata/pretrained/Depth-Anything-V2/depth_anything_v2_L.pth,335315649,335.315649,NYUD,0.9780756014295093,0.9780756014295093,affine-invariant scale+shift in inverse-depth space per image,512x512 nominal; 518x518 patch-aligned,518x518,518x518,NVIDIA RTX A6000,FP32,False,1,20,100,first 100 NYUD RGB files,CUDA events; prepared GPU tensor forward only,"wall time: file read/decode, preprocessing, H2D, inference, D2H and model-specific output processing",102.4609075164795,9.759819859483121,145.71039296861272,6.8629284406322935,654,success,
Depth-Anything-V2,L,L,/labdata/pretrained/Depth-Anything-V2/depth_anything_v2_L.pth,335315649,335.315649,KITTI,0.9603275466353653,0.9603275466353653,affine-invariant scale+shift in inverse-depth space per image,512x512 nominal; 518x518 patch-aligned,518x518,518x518,NVIDIA RTX A6000,FP32,False,1,20,100,first 100 NYUD RGB files,CUDA events; prepared GPU tensor forward only,"wall time: file read/decode, preprocessing, H2D, inference, D2H and model-specific output processing",102.4609075164795,9.759819859483121,145.71039296861272,6.8629284406322935,652,success,
UniDepth-V2,S,S,/labdata/pretrained/UniDepth/v2-vits14,34184323,34.184323,NYUD,0.9107152454298846,0.9698631250753748,metric depth without alignment in delta1; affine-invariant depth-space scale+shift per image in affine_delta1,official 480 nominal; aspect-preserving patch-aligned,490x644,,NVIDIA RTX A6000,FP32,False,1,20,100,first 100 NYUD RGB files,CUDA events; prepared GPU tensor forward only,"wall time: file read/decode, preprocessing, H2D, inference, D2H and model-specific output processing",27.566387214660644,36.276063026067106,45.348118999099825,22.051631293016815,654,success,
UniDepth-V2,S,S,/labdata/pretrained/UniDepth/v2-vits14,34184323,34.184323,KITTI,0.7448916317738191,0.9687099728207518,metric depth without alignment in delta1; affine-invariant depth-space scale+shift per image in affine_delta1,official 480 nominal; aspect-preserving patch-aligned,490x644,,NVIDIA RTX A6000,FP32,False,1,20,100,first 100 NYUD RGB files,CUDA events; prepared GPU tensor forward only,"wall time: file read/decode, preprocessing, H2D, inference, D2H and model-specific output processing",27.566387214660644,36.276063026067106,45.348118999099825,22.051631293016815,652,success,
UniDepth-V2,B,B,/labdata/pretrained/UniDepth/v2-vitb14,114421379,114.421379,NYUD,0.9440722104647731,0.9763736177929523,metric depth without alignment in delta1; affine-invariant depth-space scale+shift per image in affine_delta1,official 480 nominal; aspect-preserving patch-aligned,490x644,,NVIDIA RTX A6000,FP32,False,1,20,100,first 100 NYUD RGB files,CUDA events; prepared GPU tensor forward only,"wall time: file read/decode, preprocessing, H2D, inference, D2H and model-specific output processing",57.84321018218994,17.288113796766805,66.15203940076753,15.116691927541654,654,success,
UniDepth-V2,B,B,/labdata/pretrained/UniDepth/v2-vitb14,114421379,114.421379,KITTI,0.9539351178723823,0.9772920230602352,metric depth without alignment in delta1; affine-invariant depth-space scale+shift per image in affine_delta1,official 480 nominal; aspect-preserving patch-aligned,490x644,,NVIDIA RTX A6000,FP32,False,1,20,100,first 100 NYUD RGB files,CUDA events; prepared GPU tensor forward only,"wall time: file read/decode, preprocessing, H2D, inference, D2H and model-specific output processing",57.84321018218994,17.288113796766805,66.15203940076753,15.116691927541654,652,success,
UniDepth-V2,L,L,/labdata/pretrained/UniDepth/v2-vitl14,353831043,353.831043,NYUD,0.9589608143274883,0.9789984144055156,metric depth without alignment in delta1; affine-invariant depth-space scale+shift per image in affine_delta1,official 480 nominal; aspect-preserving patch-aligned,490x644,,NVIDIA RTX A6000,FP32,False,1,20,100,first 100 NYUD RGB files,CUDA events; prepared GPU tensor forward only,"wall time: file read/decode, preprocessing, H2D, inference, D2H and model-specific output processing",128.6489398956299,7.773091646237259,137.74306165170856,7.25989380523978,654,success,
UniDepth-V2,L,L,/labdata/pretrained/UniDepth/v2-vitl14,353831043,353.831043,KITTI,0.9566633799322037,0.9785652429852233,metric depth without alignment in delta1; affine-invariant depth-space scale+shift per image in affine_delta1,official 480 nominal; aspect-preserving patch-aligned,490x644,,NVIDIA RTX A6000,FP32,False,1,20,100,first 100 NYUD RGB files,CUDA events; prepared GPU tensor forward only,"wall time: file read/decode, preprocessing, H2D, inference, D2H and model-specific output processing",128.6489398956299,7.773091646237259,137.74306165170856,7.25989380523978,652,success,
ZoeDepth,N,N,/labdata/pretrained/ZoeDepth/ZoeD_M12_N.pt,344816746,344.816746,NYUD,0.9542294821818439,0.9812423696479426,metric depth without alignment in delta1; affine-invariant depth-space scale+shift per image in affine_delta1,384x512 core,384x512 core,384x512 core,NVIDIA RTX A6000,FP32,False,1,20,100,first 100 NYUD RGB files,CUDA events; prepared GPU tensor forward only,"wall time: file read/decode, preprocessing, H2D, inference, D2H and model-specific output processing",104.79735809326172,9.542225283103756,124.65811189962551,8.021940848945299,654,success,
ZoeDepth,K,K,/labdata/pretrained/ZoeDepth/ZoeD_M12_K.pt,344820487,344.820487,KITTI,0.9678212515959275,0.9777610142531855,metric depth without alignment in delta1; affine-invariant depth-space scale+shift per image in affine_delta1,384x768 core,384x768 core,384x768 core,NVIDIA RTX A6000,FP32,False,1,20,100,first 100 NYUD RGB files,CUDA events; prepared GPU tensor forward only,"wall time: file read/decode, preprocessing, H2D, inference, D2H and model-specific output processing",197.33403610229493,5.067549520355502,206.07988952833693,4.852487073283759,652,success,ZoeD_K built with max_depth=80 m; the repository's KITTI overlay otherwise leaves the common NYU 10 m maximum in place.
ZoeDepth,NK,NK,/labdata/pretrained/ZoeDepth/ZoeD_M12_NK.pt,346100355,346.100355,NYUD,0.9522066676743137,0.9813355241889673,metric depth without alignment in delta1; affine-invariant depth-space scale+shift per image in affine_delta1,384x512 core,384x512 core,384x512 core,NVIDIA RTX A6000,FP32,False,1,20,100,first 100 NYUD RGB files,CUDA events; prepared GPU tensor forward only,"wall time: file read/decode, preprocessing, H2D, inference, D2H and model-specific output processing",107.5267381286621,9.3000124192686,121.42577191145392,8.23548398546908,654,success,
ZoeDepth,NK,NK,/labdata/pretrained/ZoeDepth/ZoeD_M12_NK.pt,346100355,346.100355,KITTI,0.9604950200244089,0.9733060664530202,metric depth without alignment in delta1; affine-invariant depth-space scale+shift per image in affine_delta1,384x512 core,384x512 core,384x512 core,NVIDIA RTX A6000,FP32,False,1,20,100,first 100 NYUD RGB files,CUDA events; prepared GPU tensor forward only,"wall time: file read/decode, preprocessing, H2D, inference, D2H and model-specific output processing",107.5267381286621,9.3000124192686,121.42577191145392,8.23548398546908,652,success,
MoGe-v2,S,S,/labdata/pretrained/MoGe/moge-2-vits-normal/model.pt,35103656,35.103656,NYUD,0.8206003413253259,0.9641558946143877,metric depth without alignment in delta1; affine-invariant depth-space scale+shift per image in affine_delta1,native image; resolution_level=9; 3600 ViT tokens,480x640; 3600 ViT tokens,480x640; 3600 ViT tokens,NVIDIA RTX A6000,FP32,False,1,20,100,first 100 NYUD RGB files,CUDA events; prepared GPU tensor forward only,"wall time: file read/decode, preprocessing, H2D, inference, D2H and model-specific output processing",102.97247795104981,9.711332774524195,113.30650804884499,8.825618379916119,654,success,
MoGe-v2,S,S,/labdata/pretrained/MoGe/moge-2-vits-normal/model.pt,35103656,35.103656,KITTI,0.2476383787913396,0.961237470918244,metric depth without alignment in delta1; affine-invariant depth-space scale+shift per image in affine_delta1,native image; resolution_level=9; 3600 ViT tokens,480x640; 3600 ViT tokens,376x1241; 3600 ViT tokens,NVIDIA RTX A6000,FP32,False,1,20,100,first 100 NYUD RGB files,CUDA events; prepared GPU tensor forward only,"wall time: file read/decode, preprocessing, H2D, inference, D2H and model-specific output processing",102.97247795104981,9.711332774524195,113.30650804884499,8.825618379916119,652,success,
MoGe-v2,B,B,/labdata/pretrained/MoGe/moge-2-vitb-normal/model.pt,104743592,104.743592,NYUD,0.9171095823113918,0.9769743751525289,metric depth without alignment in delta1; affine-invariant depth-space scale+shift per image in affine_delta1,native image; resolution_level=9; 3600 ViT tokens,480x640; 3600 ViT tokens,480x640; 3600 ViT tokens,NVIDIA RTX A6000,FP32,False,1,20,100,first 100 NYUD RGB files,CUDA events; prepared GPU tensor forward only,"wall time: file read/decode, preprocessing, H2D, inference, D2H and model-specific output processing",161.56358657836915,6.189513498544012,172.06703394826036,5.811688485899598,654,success,
MoGe-v2,B,B,/labdata/pretrained/MoGe/moge-2-vitb-normal/model.pt,104743592,104.743592,KITTI,0.457085610157106,0.9721462749294482,metric depth without alignment in delta1; affine-invariant depth-space scale+shift per image in affine_delta1,native image; resolution_level=9; 3600 ViT tokens,480x640; 3600 ViT tokens,376x1241; 3600 ViT tokens,NVIDIA RTX A6000,FP32,False,1,20,100,first 100 NYUD RGB files,CUDA events; prepared GPU tensor forward only,"wall time: file read/decode, preprocessing, H2D, inference, D2H and model-specific output processing",161.56358657836915,6.189513498544012,172.06703394826036,5.811688485899598,652,success,
MoGe-v2,L,L,/labdata/pretrained/MoGe/moge-2-vitl-normal/model.pt,330901544,330.901544,NYUD,0.9560419822753002,0.9802313927408863,metric depth without alignment in delta1; affine-invariant depth-space scale+shift per image in affine_delta1,native image; resolution_level=9; 3600 ViT tokens,480x640; 3600 ViT tokens,480x640; 3600 ViT tokens,NVIDIA RTX A6000,FP32,False,1,20,100,first 100 NYUD RGB files,CUDA events; prepared GPU tensor forward only,"wall time: file read/decode, preprocessing, H2D, inference, D2H and model-specific output processing",351.1570327758789,2.8477288126484313,365.79294034891063,2.733787040958616,654,success,
MoGe-v2,L,L,/labdata/pretrained/MoGe/moge-2-vitl-normal/model.pt,330901544,330.901544,KITTI,0.4372952581137509,0.9810070974841253,metric depth without alignment in delta1; affine-invariant depth-space scale+shift per image in affine_delta1,native image; resolution_level=9; 3600 ViT tokens,480x640; 3600 ViT tokens,376x1241; 3600 ViT tokens,NVIDIA RTX A6000,FP32,False,1,20,100,first 100 NYUD RGB files,CUDA events; prepared GPU tensor forward only,"wall time: file read/decode, preprocessing, H2D, inference, D2H and model-specific output processing",351.1570327758789,2.8477288126484313,365.79294034891063,2.733787040958616,652,success,
Metric3D-v2,S,S,/labdata/pretrained/Metric3D-v2/metric_depth_vit_small_800k.pth,37495051,37.495051,NYUD,0.9377806539579331,0.976724360265567,metric depth with focal de-canonicalization in delta1; affine-invariant depth-space scale+shift per image in affine_delta1,616x1064,616x1064,616x1064,NVIDIA RTX A6000,FP32,False,1,20,100,first 100 NYUD RGB files,CUDA events; prepared GPU tensor forward only,"wall time: file read/decode, preprocessing, H2D, inference, D2H and model-specific output processing",74.99460586547852,13.334292359556482,86.42866039066575,11.570236024484297,654,success,
Metric3D-v2,S,S,/labdata/pretrained/Metric3D-v2/metric_depth_vit_small_800k.pth,37495051,37.495051,KITTI,0.9453399209060059,0.9594876469900384,metric depth with focal de-canonicalization in delta1; affine-invariant depth-space scale+shift per image in affine_delta1,616x1064,616x1064,616x1064,NVIDIA RTX A6000,FP32,False,1,20,100,first 100 NYUD RGB files,CUDA events; prepared GPU tensor forward only,"wall time: file read/decode, preprocessing, H2D, inference, D2H and model-specific output processing",74.99460586547852,13.334292359556482,86.42866039066575,11.570236024484297,652,success,
Metric3D-v2,L,L,/labdata/pretrained/Metric3D-v2/metric_depth_vit_large_800k.pth,411941915,411.941915,NYUD,0.9726710349079672,0.9830608740709865,metric depth with focal de-canonicalization in delta1; affine-invariant depth-space scale+shift per image in affine_delta1,616x1064,616x1064,616x1064,NVIDIA RTX A6000,FP32,False,1,20,100,first 100 NYUD RGB files,CUDA events; prepared GPU tensor forward only,"wall time: file read/decode, preprocessing, H2D, inference, D2H and model-specific output processing",452.54392883300784,2.209730230120947,469.1878660605289,2.131342415984373,654,success,
Metric3D-v2,L,L,/labdata/pretrained/Metric3D-v2/metric_depth_vit_large_800k.pth,411941915,411.941915,KITTI,0.9782075653840503,0.9829991812137949,metric depth with focal de-canonicalization in delta1; affine-invariant depth-space scale+shift per image in affine_delta1,616x1064,616x1064,616x1064,NVIDIA RTX A6000,FP32,False,1,20,100,first 100 NYUD RGB files,CUDA events; prepared GPU tensor forward only,"wall time: file read/decode, preprocessing, H2D, inference, D2H and model-specific output processing",452.54392883300784,2.209730230120947,469.1878660605289,2.131342415984373,652,success,
Metric3D-v2,Giant2,G,/labdata/pretrained/Metric3D-v2/metric_depth_vit_giant2_800k.pth,1377675099,1377.675099,NYUD,0.9704030397557594,0.9857504617025231,metric depth with focal de-canonicalization in delta1; affine-invariant depth-space scale+shift per image in affine_delta1,616x1064,616x1064,616x1064,NVIDIA RTX A6000,FP32,False,1,20,100,first 100 NYUD RGB files,CUDA events; prepared GPU tensor forward only,"wall time: file read/decode, preprocessing, H2D, inference, D2H and model-specific output processing",1162.6776110839844,0.8600836469773274,1176.3454392398125,0.850090429768851,654,success,
Metric3D-v2,Giant2,G,/labdata/pretrained/Metric3D-v2/metric_depth_vit_giant2_800k.pth,1377675099,1377.675099,KITTI,0.9801924649072155,0.9860674204178416,metric depth with focal de-canonicalization in delta1; affine-invariant depth-space scale+shift per image in affine_delta1,616x1064,616x1064,616x1064,NVIDIA RTX A6000,FP32,False,1,20,100,first 100 NYUD RGB files,CUDA events; prepared GPU tensor forward only,"wall time: file read/decode, preprocessing, H2D, inference, D2H and model-specific output processing",1162.6776110839844,0.8600836469773274,1176.3454392398125,0.850090429768851,652,success,
DepthPro,default,default,/labdata/pretrained/DepthPro/depth_pro.pt,951991330,951.991330,NYUD,0.9383840501135274,0.9755969771966451,metric depth with estimated focal length in delta1; affine-invariant depth-space scale+shift per image in affine_delta1,1536x1536,raw 480x640; network 1536x1536,raw 480x640; network 1536x1536,NVIDIA RTX A6000,FP32,False,1,20,100,first 100 NYUD RGB files,CUDA events; prepared GPU tensor forward only,"wall time: file read/decode, preprocessing, H2D, inference, D2H and model-specific output processing",1228.4341784667968,0.8140444295095205,1239.5337029185612,0.8067549899171247,654,success,
DepthPro,default,default,/labdata/pretrained/DepthPro/depth_pro.pt,951991330,951.991330,KITTI,0.8346655738811034,0.9583468545589247,metric depth with estimated focal length in delta1; affine-invariant depth-space scale+shift per image in affine_delta1,1536x1536,raw 480x640; network 1536x1536,raw 376x1241; network 1536x1536,NVIDIA RTX A6000,FP32,False,1,20,100,first 100 NYUD RGB files,CUDA events; prepared GPU tensor forward only,"wall time: file read/decode, preprocessing, H2D, inference, D2H and model-specific output processing",1228.4341784667968,0.8140444295095205,1239.5337029185612,0.8067549899171247,652,success,
DepthART,S,S_224,/home/chenwu/DART/DepthART-release/checkpoints/relative/depthart_relative_s_224.pth,6033205,6.033205,NYUD,0.9531065442027916,0.9531065442027916,affine-invariant scale+shift in inverse-depth space per image,224x224,224x224,224x288,NVIDIA RTX A6000,FP32,False,1,20,100,100 pre-generated 480x640 uint8 RGB arrays,CUDA events; static graph input D2D copy and inference included; preprocessing/H2D excluded,"wall time: CPU resize/normalize, H2D, graph D2D copy, inference, D2H, resize depth to 640x480",2.8802022409439085,347.1978411044764,3.7197758400000005,268.83340368165835,654,success,
DepthART,S,S_224,/home/chenwu/DART/DepthART-release/checkpoints/relative/depthart_relative_s_224.pth,6033205,6.033205,KITTI,0.9217232442060276,0.9217232442060276,affine-invariant scale+shift in inverse-depth space per image,224x224,224x224,224x736,NVIDIA RTX A6000,FP32,False,1,20,100,100 pre-generated 480x640 uint8 RGB arrays,CUDA events; static graph input D2D copy and inference included; preprocessing/H2D excluded,"wall time: CPU resize/normalize, H2D, graph D2D copy, inference, D2H, resize depth to 640x480",2.8802022409439085,347.1978411044764,3.7197758400000005,268.83340368165835,652,success,
DepthART,S,S_448,/home/chenwu/DART/DepthART-release/checkpoints/relative/depthart_relative_s_448.pth,6033205,6.033205,NYUD,0.9642049905850795,0.9642049905850795,affine-invariant scale+shift in inverse-depth space per image,448x448,448x448,448x608,NVIDIA RTX A6000,FP32,False,1,20,100,100 pre-generated 480x640 uint8 RGB arrays,CUDA events; static graph input D2D copy and inference included; preprocessing/H2D excluded,"wall time: CPU resize/normalize, H2D, graph D2D copy, inference, D2H, resize depth to 640x480",4.085306544303894,244.77967299523485,6.978609590000001,143.29501988948488,654,success,
DepthART,S,S_448,/home/chenwu/DART/DepthART-release/checkpoints/relative/depthart_relative_s_448.pth,6033205,6.033205,KITTI,0.9298051833862855,0.9298051833862855,affine-invariant scale+shift in inverse-depth space per image,448x448,448x448,448x1472,NVIDIA RTX A6000,FP32,False,1,20,100,100 pre-generated 480x640 uint8 RGB arrays,CUDA events; static graph input D2D copy and inference included; preprocessing/H2D excluded,"wall time: CPU resize/normalize, H2D, graph D2D copy, inference, D2H, resize depth to 640x480",4.085306544303894,244.77967299523485,6.978609590000001,143.29501988948488,652,success,
DepthART,B,B_224,/home/chenwu/DART/DepthART-release/checkpoints/relative/depthart_relative_b_224.pth,11411781,11.411781,NYUD,0.9589058478513004,0.9589058478513004,affine-invariant scale+shift in inverse-depth space per image,224x224,224x224,224x288,NVIDIA RTX A6000,FP32,False,1,20,100,100 pre-generated 480x640 uint8 RGB arrays,CUDA events; static graph input D2D copy and inference included; preprocessing/H2D excluded,"wall time: CPU resize/normalize, H2D, graph D2D copy, inference, D2H, resize depth to 640x480",3.360470380783081,297.57738848660017,4.19440214,238.41300061896305,654,success,
DepthART,B,B_224,/home/chenwu/DART/DepthART-release/checkpoints/relative/depthart_relative_b_224.pth,11411781,11.411781,KITTI,0.9213373933235174,0.9213373933235174,affine-invariant scale+shift in inverse-depth space per image,224x224,224x224,224x736,NVIDIA RTX A6000,FP32,False,1,20,100,100 pre-generated 480x640 uint8 RGB arrays,CUDA events; static graph input D2D copy and inference included; preprocessing/H2D excluded,"wall time: CPU resize/normalize, H2D, graph D2D copy, inference, D2H, resize depth to 640x480",3.360470380783081,297.57738848660017,4.19440214,238.41300061896305,652,success,
DepthART,B,B_448,/home/chenwu/DART/DepthART-release/checkpoints/relative/depthart_relative_b_448.pth,11411781,11.411781,NYUD,0.9691058805509495,0.9691058805509495,affine-invariant scale+shift in inverse-depth space per image,448x448,448x448,448x608,NVIDIA RTX A6000,FP32,False,1,20,100,100 pre-generated 480x640 uint8 RGB arrays,CUDA events; static graph input D2D copy and inference included; preprocessing/H2D excluded,"wall time: CPU resize/normalize, H2D, graph D2D copy, inference, D2H, resize depth to 640x480",4.906077437400818,203.82882511731987,7.7522325200000015,128.99509882090067,654,success,
DepthART,B,B_448,/home/chenwu/DART/DepthART-release/checkpoints/relative/depthart_relative_b_448.pth,11411781,11.411781,KITTI,0.9295533990479609,0.9295533990479609,affine-invariant scale+shift in inverse-depth space per image,448x448,448x448,448x1472,NVIDIA RTX A6000,FP32,False,1,20,100,100 pre-generated 480x640 uint8 RGB arrays,CUDA events; static graph input D2D copy and inference included; preprocessing/H2D excluded,"wall time: CPU resize/normalize, H2D, graph D2D copy, inference, D2H, resize depth to 640x480",4.906077437400818,203.82882511731987,7.7522325200000015,128.99509882090067,652,success,
DepthART,L,L_224,/home/chenwu/DART/DepthART-release/checkpoints/relative/depthart_relative_l_224.pth,32612689,32.612689,NYUD,0.966512332559065,0.966512332559065,affine-invariant scale+shift in inverse-depth space per image,224x224,224x224,224x288,NVIDIA RTX A6000,FP32,False,1,20,100,100 pre-generated 480x640 uint8 RGB arrays,CUDA events; static graph input D2D copy and inference included; preprocessing/H2D excluded,"wall time: CPU resize/normalize, H2D, graph D2D copy, inference, D2H, resize depth to 640x480",5.23249951839447,191.11325218178672,6.0838731300000015,164.36897657660387,654,success,
DepthART,L,L_224,/home/chenwu/DART/DepthART-release/checkpoints/relative/depthart_relative_l_224.pth,32612689,32.612689,KITTI,0.9276744000407701,0.9276744000407701,affine-invariant scale+shift in inverse-depth space per image,224x224,224x224,224x736,NVIDIA RTX A6000,FP32,False,1,20,100,100 pre-generated 480x640 uint8 RGB arrays,CUDA events; static graph input D2D copy and inference included; preprocessing/H2D excluded,"wall time: CPU resize/normalize, H2D, graph D2D copy, inference, D2H, resize depth to 640x480",5.23249951839447,191.11325218178672,6.0838731300000015,164.36897657660387,652,success,
DepthART,L,L_448,/home/chenwu/DART/DepthART-release/checkpoints/relative/depthart_relative_l_448.pth,32612689,32.612689,NYUD,0.970603082978195,0.970603082978195,affine-invariant scale+shift in inverse-depth space per image,448x448,448x448,448x608,NVIDIA RTX A6000,FP32,False,1,20,100,100 pre-generated 480x640 uint8 RGB arrays,CUDA events; static graph input D2D copy and inference included; preprocessing/H2D excluded,"wall time: CPU resize/normalize, H2D, graph D2D copy, inference, D2H, resize depth to 640x480",8.069231700897216,123.92753573909772,10.932713759999999,91.4685980034293,654,success,
DepthART,L,L_448,/home/chenwu/DART/DepthART-release/checkpoints/relative/depthart_relative_l_448.pth,32612689,32.612689,KITTI,0.9316611236769025,0.9316611236769025,affine-invariant scale+shift in inverse-depth space per image,448x448,448x448,448x1472,NVIDIA RTX A6000,FP32,False,1,20,100,100 pre-generated 480x640 uint8 RGB arrays,CUDA events; static graph input D2D copy and inference included; preprocessing/H2D excluded,"wall time: CPU resize/normalize, H2D, graph D2D copy, inference, D2H, resize depth to 640x480",8.069231700897216,123.92753573909772,10.932713759999999,91.4685980034293,652,success,
DepthART-Metric,S,S_448,/home/chenwu/DART/DepthART-release/checkpoints/metric/depthart_metric_indoor_s_448.pth,8072022,8.072022,NYUD,0.9234794222400702,0.9674208984918186,metric depth without alignment in delta1; affine-invariant depth-space scale+shift per image in affine_delta1,448x448,448x448,480x640,NVIDIA RTX A6000,FP32,False,1,20,100,100 pre-generated 480x640 uint8 RGB arrays,CUDA events; static graph input D2D copy and inference included; preprocessing/H2D excluded,"wall time: CPU resize/normalize, H2D, graph D2D copy, inference, D2H, resize depth to 640x480",10.133408651351928,98.6834770417146,12.96588777,77.12545548279105,654,success,
DepthART-Metric,S,S_448,/home/chenwu/DART/DepthART-release/checkpoints/metric/depthart_metric_outdoor_s_448.pth,8072022,8.072022,KITTI,0.9489185159191763,0.9599823289853664,metric depth without alignment in delta1; affine-invariant depth-space scale+shift per image in affine_delta1,448x448,448x448,448x1472,NVIDIA RTX A6000,FP32,False,1,20,100,100 pre-generated 480x640 uint8 RGB arrays,CUDA events; static graph input D2D copy and inference included; preprocessing/H2D excluded,"wall time: CPU resize/normalize, H2D, graph D2D copy, inference, D2H, resize depth to 640x480",10.207404165267944,97.96810078341305,13.09231639,76.38067781220188,652,success,
DepthART-Metric,B,B_448,/home/chenwu/DART/DepthART-release/checkpoints/metric/depthart_metric_indoor_b_448.pth,15199750,15.199750,NYUD,0.9419971346308332,0.973269763935232,metric depth without alignment in delta1; affine-invariant depth-space scale+shift per image in affine_delta1,448x448,448x448,480x640,NVIDIA RTX A6000,FP32,False,1,20,100,100 pre-generated 480x640 uint8 RGB arrays,CUDA events; static graph input D2D copy and inference included; preprocessing/H2D excluded,"wall time: CPU resize/normalize, H2D, graph D2D copy, inference, D2H, resize depth to 640x480",11.511627206802368,86.86869215232119,14.365091110000002,69.61320275259986,654,success,
DepthART-Metric,B,B_448,/home/chenwu/DART/DepthART-release/checkpoints/metric/depthart_metric_outdoor_b_448.pth,15199750,15.199750,KITTI,0.9499946687301976,0.9545807910660293,metric depth without alignment in delta1; affine-invariant depth-space scale+shift per image in affine_delta1,448x448,448x448,448x1472,NVIDIA RTX A6000,FP32,False,1,20,100,100 pre-generated 480x640 uint8 RGB arrays,CUDA events; static graph input D2D copy and inference included; preprocessing/H2D excluded,"wall time: CPU resize/normalize, H2D, graph D2D copy, inference, D2H, resize depth to 640x480",11.585708522796631,86.3132365217327,14.445292849999998,69.22670314710858,652,success,
DepthART-Metric,L,L_448,/home/chenwu/DART/DepthART-release/checkpoints/metric/depthart_metric_indoor_l_448.pth,39606666,39.606666,NYUD,0.9465621809962146,0.9769121549727355,metric depth without alignment in delta1; affine-invariant depth-space scale+shift per image in affine_delta1,448x448,448x448,480x640,NVIDIA RTX A6000,FP32,False,1,20,100,100 pre-generated 480x640 uint8 RGB arrays,CUDA events; static graph input D2D copy and inference included; preprocessing/H2D excluded,"wall time: CPU resize/normalize, H2D, graph D2D copy, inference, D2H, resize depth to 640x480",15.389580478668213,64.97902924554174,18.48808644,54.08888601020626,654,success,
DepthART-Metric,L,L_448,/home/chenwu/DART/DepthART-release/checkpoints/metric/depthart_metric_outdoor_l_448.pth,39606666,39.606666,KITTI,0.9568690040543035,0.9656128803828011,metric depth without alignment in delta1; affine-invariant depth-space scale+shift per image in affine_delta1,448x448,448x448,448x1472,NVIDIA RTX A6000,FP32,False,1,20,100,100 pre-generated 480x640 uint8 RGB arrays,CUDA events; static graph input D2D copy and inference included; preprocessing/H2D excluded,"wall time: CPU resize/normalize, H2D, graph D2D copy, inference, D2H, resize depth to 640x480",15.467766380310058,64.65057561723754,18.3733415,54.42668117827125,652,success,
DepthART,MNV4-S,MNV4-S_224,/home/chenwu/DART/DepthART-release/checkpoints/relative/depthart_relative_mnv4s_224.pth,2115161,2.115161,NYUD,0.9218590404883312,0.9218590404883312,affine-invariant disparity scale+shift per image,224x224,224x224,224x288,NVIDIA RTX A6000,FP32,False,1,20,100,100 deterministic 480x640 uint8 RGB arrays; generation excluded,CUDA events; static graph input D2D copy and inference included; preprocessing/H2D excluded,"wall time: CPU resize/normalize, H2D/layout conversion, graph D2D copy, inference, D2H, resize depth to 640x480",1.5130931055545807,660.8978630125202,2.3903160800000003,418.3547139924691,654,success,
DepthART,MNV4-S,MNV4-S_224,/home/chenwu/DART/DepthART-release/checkpoints/relative/depthart_relative_mnv4s_224.pth,2115161,2.115161,KITTI,0.8904328770816816,0.8904328770816816,affine-invariant disparity scale+shift per image; affine-consistent sliding-window prediction,224x224,224x224,224x736,NVIDIA RTX A6000,FP32,False,1,20,100,100 deterministic 480x640 uint8 RGB arrays; generation excluded,CUDA events; static graph input D2D copy and inference included; preprocessing/H2D excluded,"wall time: CPU resize/normalize, H2D/layout conversion, graph D2D copy, inference, D2H, resize depth to 640x480",1.5130931055545807,660.8978630125202,2.3903160800000003,418.3547139924691,652,success,"KITTI uses 224x224 sliding windows with stride 64, overlap-only affine tile alignment, and Hann blending."
DepthART,MNV4-S,MNV4-S_448,/home/chenwu/DART/DepthART-release/checkpoints/relative/depthart_relative_mnv4s_448.pth,2115161,2.115161,NYUD,0.9335159761488663,0.9335159761488663,affine-invariant disparity scale+shift per image,448x448,448x448,448x608,NVIDIA RTX A6000,FP32,False,1,20,100,100 deterministic 480x640 uint8 RGB arrays; generation excluded,CUDA events; static graph input D2D copy and inference included; preprocessing/H2D excluded,"wall time: CPU resize/normalize, H2D/layout conversion, graph D2D copy, inference, D2H, resize depth to 640x480",2.4795750832557677,403.2949059509686,5.288652750000001,189.08407249842597,654,success,
DepthART,MNV4-S,MNV4-S_448,/home/chenwu/DART/DepthART-release/checkpoints/relative/depthart_relative_mnv4s_448.pth,2115161,2.115161,KITTI,0.9097017078962807,0.9097017078962807,affine-invariant disparity scale+shift per image; affine-consistent sliding-window prediction,448x448,448x448,448x1472,NVIDIA RTX A6000,FP32,False,1,20,100,100 deterministic 480x640 uint8 RGB arrays; generation excluded,CUDA events; static graph input D2D copy and inference included; preprocessing/H2D excluded,"wall time: CPU resize/normalize, H2D/layout conversion, graph D2D copy, inference, D2H, resize depth to 640x480",2.4795750832557677,403.2949059509686,5.288652750000001,189.08407249842597,652,success,"KITTI uses 448x448 sliding windows with stride 128, overlap-only affine tile alignment, and Hann blending."
DepthART,MNV4-M,MNV4-M_224,/home/chenwu/DART/DepthART-release/checkpoints/relative/depthart_relative_mnv4m_224.pth,8552593,8.552593,NYUD,0.9436355707681928,0.9436355707681928,affine-invariant disparity scale+shift per image,224x224,224x224,224x288,NVIDIA RTX A6000,FP32,False,1,20,100,100 deterministic 480x640 uint8 RGB arrays; generation excluded,CUDA events; static graph input D2D copy and inference included; preprocessing/H2D excluded,"wall time: CPU resize/normalize, H2D/layout conversion, graph D2D copy, inference, D2H, resize depth to 640x480",2.5886924123764037,386.29541123505135,3.4603022599999997,288.99209515876225,654,success,
DepthART,MNV4-M,MNV4-M_224,/home/chenwu/DART/DepthART-release/checkpoints/relative/depthart_relative_mnv4m_224.pth,8552593,8.552593,KITTI,0.9216828728656657,0.9216828728656657,affine-invariant disparity scale+shift per image; affine-consistent sliding-window prediction,224x224,224x224,224x736,NVIDIA RTX A6000,FP32,False,1,20,100,100 deterministic 480x640 uint8 RGB arrays; generation excluded,CUDA events; static graph input D2D copy and inference included; preprocessing/H2D excluded,"wall time: CPU resize/normalize, H2D/layout conversion, graph D2D copy, inference, D2H, resize depth to 640x480",2.5886924123764037,386.29541123505135,3.4603022599999997,288.99209515876225,652,success,"KITTI uses 224x224 sliding windows with stride 64, overlap-only affine tile alignment, and Hann blending."
DepthART,MNV4-M,MNV4-M_448,/home/chenwu/DART/DepthART-release/checkpoints/relative/depthart_relative_mnv4m_448.pth,8552593,8.552593,NYUD,0.9531550638858401,0.9531550638858401,affine-invariant disparity scale+shift per image,448x448,448x448,448x608,NVIDIA RTX A6000,FP32,False,1,20,100,100 deterministic 480x640 uint8 RGB arrays; generation excluded,CUDA events; static graph input D2D copy and inference included; preprocessing/H2D excluded,"wall time: CPU resize/normalize, H2D/layout conversion, graph D2D copy, inference, D2H, resize depth to 640x480",4.044769234657288,247.2328931479152,7.127432300000001,140.30298120123848,654,success,
DepthART,MNV4-M,MNV4-M_448,/home/chenwu/DART/DepthART-release/checkpoints/relative/depthart_relative_mnv4m_448.pth,8552593,8.552593,KITTI,0.9311845721296241,0.9311845721296241,affine-invariant disparity scale+shift per image; affine-consistent sliding-window prediction,448x448,448x448,448x1472,NVIDIA RTX A6000,FP32,False,1,20,100,100 deterministic 480x640 uint8 RGB arrays; generation excluded,CUDA events; static graph input D2D copy and inference included; preprocessing/H2D excluded,"wall time: CPU resize/normalize, H2D/layout conversion, graph D2D copy, inference, D2H, resize depth to 640x480",4.044769234657288,247.2328931479152,7.127432300000001,140.30298120123848,652,success,"KITTI uses 448x448 sliding windows with stride 128, overlap-only affine tile alignment, and Hann blending."
DepthART,MNV4-M-SLIM-SPF,MNV4-M-SLIM-SPF_224,/home/chenwu/DART/DepthART-release/checkpoints/relative/depthart_relative_mnv4m_slim_224.pth,6054609,6.054609,NYUD,0.9424182966546307,0.9424182966546307,affine-invariant disparity scale+shift per image,224x224,224x224,224x288,NVIDIA RTX A6000,FP32,False,1,200,1000,1000 deterministic 480x640 uint8 RGB arrays; generation excluded,CUDA events; static graph input D2D copy and inference included; preprocessing/H2D excluded,"wall time: CPU resize/normalize, H2D/layout conversion, graph D2D copy, inference, D2H, resize depth to 640x480",1.6883507162332534,592.2940005208286,2.5041807840000003,399.33219134549506,654,success,Speed uses all 92 inference-equivalent Conv-BN fusions. Corrected benchmark uses all 92 inference-equivalent Conv-BN fusions; 200 warmup and 1000 samples.
DepthART,MNV4-M-SLIM-SPF,MNV4-M-SLIM-SPF_224,/home/chenwu/DART/DepthART-release/checkpoints/relative/depthart_relative_mnv4m_slim_224.pth,6054609,6.054609,KITTI,0.9199343817556287,0.9199343817556287,affine-invariant disparity scale+shift per image; affine-consistent sliding-window prediction,224x224,224x224,224x736,NVIDIA RTX A6000,FP32,False,1,200,1000,1000 deterministic 480x640 uint8 RGB arrays; generation excluded,CUDA events; static graph input D2D copy and inference included; preprocessing/H2D excluded,"wall time: CPU resize/normalize, H2D/layout conversion, graph D2D copy, inference, D2H, resize depth to 640x480",1.6883507162332534,592.2940005208286,2.5041807840000003,399.33219134549506,652,success,"KITTI uses 224x224 sliding windows with stride 64, overlap-only affine tile alignment, and Hann blending. Speed uses all 92 inference-equivalent Conv-BN fusions. Corrected benchmark uses all 92 inference-equivalent Conv-BN fusions; 200 warmup and 1000 samples."
DepthART,MNV4-M-SLIM-SPF,MNV4-M-SLIM-SPF_448,/home/chenwu/DART/DepthART-release/checkpoints/relative/depthart_relative_mnv4m_slim_448.pth,6054609,6.054609,NYUD,0.9518892585543881,0.9518892585543881,affine-invariant disparity scale+shift per image,448x448,448x448,448x608,NVIDIA RTX A6000,FP32,False,1,200,1000,1000 deterministic 480x640 uint8 RGB arrays; generation excluded,CUDA events; static graph input D2D copy and inference included; preprocessing/H2D excluded,"wall time: CPU resize/normalize, H2D/layout conversion, graph D2D copy, inference, D2H, resize depth to 640x480",2.69592472076416,370.93023862941914,5.593322246,178.78462137866964,654,success,Speed uses all 92 inference-equivalent Conv-BN fusions. Corrected benchmark uses all 92 inference-equivalent Conv-BN fusions; 200 warmup and 1000 samples.
DepthART,MNV4-M-SLIM-SPF,MNV4-M-SLIM-SPF_448,/home/chenwu/DART/DepthART-release/checkpoints/relative/depthart_relative_mnv4m_slim_448.pth,6054609,6.054609,KITTI,0.9281157670216119,0.9281157670216119,affine-invariant disparity scale+shift per image; affine-consistent sliding-window prediction,448x448,448x448,448x1472,NVIDIA RTX A6000,FP32,False,1,200,1000,1000 deterministic 480x640 uint8 RGB arrays; generation excluded,CUDA events; static graph input D2D copy and inference included; preprocessing/H2D excluded,"wall time: CPU resize/normalize, H2D/layout conversion, graph D2D copy, inference, D2H, resize depth to 640x480",2.69592472076416,370.93023862941914,5.593322246,178.78462137866964,652,success,"KITTI uses 448x448 sliding windows with stride 128, overlap-only affine tile alignment, and Hann blending. Speed uses all 92 inference-equivalent Conv-BN fusions. Corrected benchmark uses all 92 inference-equivalent Conv-BN fusions; 200 warmup and 1000 samples."
ZipDepth,Base,ZipDepth Base,/labdata/pretrained/ZipDepth/zipdepth_base.pth,6143710,6.14371,NYUD,0.9351262402359714,0.9351262402359714,affine-invariant disparity scale+shift per image,short=384; aspect ratio preserved; multiple of 32,448x448,448x608,NVIDIA RTX A6000,FP32,False,1,200,1000,1000 deterministic 480x640 uint8 RGB arrays; generation excluded,CUDA events; static graph input D2D copy and complete network forward included; CPU preprocessing and H2D excluded,"wall time: CPU resize/RGB float conversion, H2D, graph D2D copy, full inference, D2H, and depth resize to the raw 480x640 shape",2.4641535296440122,405.81886963206654,4.316697582000001,231.6585725555235,654,success,"Accuracy uses the official native full-frame path. Speed is the prior matched 448x448 CUDA-Graph benchmark, not the model's official default resolution."
ZipDepth,Base,ZipDepth Base,/labdata/pretrained/ZipDepth/zipdepth_base.pth,6143710,6.14371,KITTI,0.8811205442238496,0.8811205442238496,affine-invariant disparity scale+shift per image,short=384; aspect ratio preserved; multiple of 32,448x448,448x1472,NVIDIA RTX A6000,FP32,False,1,200,1000,1000 deterministic 480x640 uint8 RGB arrays; generation excluded,CUDA events; static graph input D2D copy and complete network forward included; CPU preprocessing and H2D excluded,"wall time: CPU resize/RGB float conversion, H2D, graph D2D copy, full inference, D2H, and depth resize to the raw 480x640 shape",2.4641535296440122,405.81886963206654,4.316697582000001,231.6585725555235,652,success,"Accuracy uses the official native full-frame path. Speed is the prior matched 448x448 CUDA-Graph benchmark, not the model's official default resolution."
YOLO26-Depth,N,YOLO26-N-Depth,/labdata/pretrained/YOLO26-Depth/yolo26n-depth.pt,6355617,6.355617,NYUD,0.5871750733091037,0.8749595951912911,metric depth without alignment in delta1; affine-invariant disparity scale+shift per image in affine_delta1,768x768,448x448,768x768,NVIDIA RTX A6000,FP32,False,1,200,1000,1000 deterministic 480x640 uint8 RGB arrays; generation excluded,CUDA events; static graph input D2D copy and complete network forward included; CPU preprocessing and H2D excluded,"wall time: CPU resize/RGB float conversion, H2D, graph D2D copy, full inference, D2H, and depth resize to the raw 480x640 shape",2.5730571193695067,388.6427520291647,4.60095729,217.34607321251616,654,success,"Accuracy uses the official native full-frame path. Speed is the prior matched 448x448 CUDA-Graph benchmark, not the model's official default resolution."
YOLO26-Depth,N,YOLO26-N-Depth,/labdata/pretrained/YOLO26-Depth/yolo26n-depth.pt,6355617,6.355617,KITTI,0.4501764201105606,0.7667074847170003,metric depth without alignment in delta1; affine-invariant disparity scale+shift per image in affine_delta1,768x768,448x448,768x768,NVIDIA RTX A6000,FP32,False,1,200,1000,1000 deterministic 480x640 uint8 RGB arrays; generation excluded,CUDA events; static graph input D2D copy and complete network forward included; CPU preprocessing and H2D excluded,"wall time: CPU resize/RGB float conversion, H2D, graph D2D copy, full inference, D2H, and depth resize to the raw 480x640 shape",2.5730571193695067,388.6427520291647,4.60095729,217.34607321251616,652,success,"Accuracy uses the official native full-frame path. Speed is the prior matched 448x448 CUDA-Graph benchmark, not the model's official default resolution."
YOLO26-Depth,S,YOLO26-S-Depth,/labdata/pretrained/YOLO26-Depth/yolo26s-depth.pt,13223681,13.223681,NYUD,0.5548210111011753,0.887284470072674,metric depth without alignment in delta1; affine-invariant disparity scale+shift per image in affine_delta1,768x768,448x448,768x768,NVIDIA RTX A6000,FP32,False,1,200,1000,1000 deterministic 480x640 uint8 RGB arrays; generation excluded,CUDA events; static graph input D2D copy and complete network forward included; CPU preprocessing and H2D excluded,"wall time: CPU resize/RGB float conversion, H2D, graph D2D copy, full inference, D2H, and depth resize to the raw 480x640 shape",3.497126847743988,285.94902145030983,4.939496232000001,202.4497950867148,654,success,"Accuracy uses the official native full-frame path. Speed is the prior matched 448x448 CUDA-Graph benchmark, not the model's official default resolution."
YOLO26-Depth,S,YOLO26-S-Depth,/labdata/pretrained/YOLO26-Depth/yolo26s-depth.pt,13223681,13.223681,KITTI,0.5076435874796842,0.7887499143505434,metric depth without alignment in delta1; affine-invariant disparity scale+shift per image in affine_delta1,768x768,448x448,768x768,NVIDIA RTX A6000,FP32,False,1,200,1000,1000 deterministic 480x640 uint8 RGB arrays; generation excluded,CUDA events; static graph input D2D copy and complete network forward included; CPU preprocessing and H2D excluded,"wall time: CPU resize/RGB float conversion, H2D, graph D2D copy, full inference, D2H, and depth resize to the raw 480x640 shape",3.497126847743988,285.94902145030983,4.939496232000001,202.4497950867148,652,success,"Accuracy uses the official native full-frame path. Speed is the prior matched 448x448 CUDA-Graph benchmark, not the model's official default resolution."
YOLO26-Depth,M,YOLO26-M-Depth,/labdata/pretrained/YOLO26-Depth/yolo26m-depth.pt,23280257,23.280257,NYUD,0.7408591823954784,0.9305461631671087,metric depth without alignment in delta1; affine-invariant disparity scale+shift per image in affine_delta1,768x768,448x448,768x768,NVIDIA RTX A6000,FP32,False,1,200,1000,1000 deterministic 480x640 uint8 RGB arrays; generation excluded,CUDA events; static graph input D2D copy and complete network forward included; CPU preprocessing and H2D excluded,"wall time: CPU resize/RGB float conversion, H2D, graph D2D copy, full inference, D2H, and depth resize to the raw 480x640 shape",5.6058424029350284,178.38532162024998,7.074282148,141.35709872452773,654,success,"Accuracy uses the official native full-frame path. Speed is the prior matched 448x448 CUDA-Graph benchmark, not the model's official default resolution."
YOLO26-Depth,M,YOLO26-M-Depth,/labdata/pretrained/YOLO26-Depth/yolo26m-depth.pt,23280257,23.280257,KITTI,0.5228632111078779,0.8379217374743037,metric depth without alignment in delta1; affine-invariant disparity scale+shift per image in affine_delta1,768x768,448x448,768x768,NVIDIA RTX A6000,FP32,False,1,200,1000,1000 deterministic 480x640 uint8 RGB arrays; generation excluded,CUDA events; static graph input D2D copy and complete network forward included; CPU preprocessing and H2D excluded,"wall time: CPU resize/RGB float conversion, H2D, graph D2D copy, full inference, D2H, and depth resize to the raw 480x640 shape",5.6058424029350284,178.38532162024998,7.074282148,141.35709872452773,652,success,"Accuracy uses the official native full-frame path. Speed is the prior matched 448x448 CUDA-Graph benchmark, not the model's official default resolution."
YOLO26-Depth,L,YOLO26-L-Depth,/labdata/pretrained/YOLO26-Depth/yolo26l-depth.pt,27683713,27.683713,NYUD,0.7113162927710601,0.9390479463256881,metric depth without alignment in delta1; affine-invariant disparity scale+shift per image in affine_delta1,768x768,448x448,768x768,NVIDIA RTX A6000,FP32,False,1,200,1000,1000 deterministic 480x640 uint8 RGB arrays; generation excluded,CUDA events; static graph input D2D copy and complete network forward included; CPU preprocessing and H2D excluded,"wall time: CPU resize/RGB float conversion, H2D, graph D2D copy, full inference, D2H, and depth resize to the raw 480x640 shape",7.137375487804412,140.1075229555589,8.621762326,115.98556793712292,654,success,"Accuracy uses the official native full-frame path. Speed is the prior matched 448x448 CUDA-Graph benchmark, not the model's official default resolution."
YOLO26-Depth,L,YOLO26-L-Depth,/labdata/pretrained/YOLO26-Depth/yolo26l-depth.pt,27683713,27.683713,KITTI,0.6078919941105785,0.8633916387899737,metric depth without alignment in delta1; affine-invariant disparity scale+shift per image in affine_delta1,768x768,448x448,768x768,NVIDIA RTX A6000,FP32,False,1,200,1000,1000 deterministic 480x640 uint8 RGB arrays; generation excluded,CUDA events; static graph input D2D copy and complete network forward included; CPU preprocessing and H2D excluded,"wall time: CPU resize/RGB float conversion, H2D, graph D2D copy, full inference, D2H, and depth resize to the raw 480x640 shape",7.137375487804412,140.1075229555589,8.621762326,115.98556793712292,652,success,"Accuracy uses the official native full-frame path. Speed is the prior matched 448x448 CUDA-Graph benchmark, not the model's official default resolution."
YOLO26-Depth,X,YOLO26-X-Depth,/labdata/pretrained/YOLO26-Depth/yolo26x-depth.pt,57022241,57.022241,NYUD,0.6869652399527781,0.9433946808856023,metric depth without alignment in delta1; affine-invariant disparity scale+shift per image in affine_delta1,768x768,448x448,768x768,NVIDIA RTX A6000,FP32,False,1,200,1000,1000 deterministic 480x640 uint8 RGB arrays; generation excluded,CUDA events; static graph input D2D copy and complete network forward included; CPU preprocessing and H2D excluded,"wall time: CPU resize/RGB float conversion, H2D, graph D2D copy, full inference, D2H, and depth resize to the raw 480x640 shape",10.517331744194031,95.08115026912964,12.179602609000002,82.10448502326828,654,success,"Accuracy uses the official native full-frame path. Speed is the prior matched 448x448 CUDA-Graph benchmark, not the model's official default resolution."
YOLO26-Depth,X,YOLO26-X-Depth,/labdata/pretrained/YOLO26-Depth/yolo26x-depth.pt,57022241,57.022241,KITTI,0.4852176981195758,0.8469212292689927,metric depth without alignment in delta1; affine-invariant disparity scale+shift per image in affine_delta1,768x768,448x448,768x768,NVIDIA RTX A6000,FP32,False,1,200,1000,1000 deterministic 480x640 uint8 RGB arrays; generation excluded,CUDA events; static graph input D2D copy and complete network forward included; CPU preprocessing and H2D excluded,"wall time: CPU resize/RGB float conversion, H2D, graph D2D copy, full inference, D2H, and depth resize to the raw 480x640 shape",10.517331744194031,95.08115026912964,12.179602609000002,82.10448502326828,652,success,"Accuracy uses the official native full-frame path. Speed is the prior matched 448x448 CUDA-Graph benchmark, not the model's official default resolution."
