family,encoder,resolution,mode,tf32_allowed,model_mean_ms,model_p50_ms,model_p95_ms,model_fps,e2e_mean_ms,e2e_p50_ms,e2e_p95_ms,e2e_fps,peak_mib,samples,warmup,trt_validation_passed,finite,shape_match,relative_mae,affine_aligned_relative_mae,parameters_unchanged,parameter_sha256,checkpoint,engine,plugin,backend,gpu,driver,torch,torch_cuda_build,cudnn,tensorrt
metric,B,448,amp,False,5.1974974040985105,5.216576099395752,5.226880073547363,192.4002884948909,8.084030565,8.039055,8.464778299999999,123.70067034747782,120.7294921875,1000,200,,True,True,0.0007584952982142568,,True,449cbf75046302386fd606904ba2d997fa76ab389d9a9787f092eba5aeeb63bc,checkpoints/metric/depthart_metric_indoor_b_448.pth,,,PyTorch CUDA Graph + custom SelectiveScan,NVIDIA RTX A6000,560.35.03,2.1.0+cu118,11.8,8907,10.7.0
metric,B,448,fp32,True,9.857690060615539,10.051183700561523,10.110846424102784,101.44364388116676,12.829073317999999,12.8792415,13.2440368,77.94795268625809,121.1123046875,1000,200,,True,True,0.0,,True,449cbf75046302386fd606904ba2d997fa76ab389d9a9787f092eba5aeeb63bc,checkpoints/metric/depthart_metric_indoor_b_448.pth,,,PyTorch CUDA Graph + custom SelectiveScan,NVIDIA RTX A6000,560.35.03,2.1.0+cu118,11.8,8907,10.7.0
metric,B,448,trt_fp16,False,2.7007516458034515,2.7080479860305786,2.726304054260254,370.2672926456769,5.581221745999999,5.5733485,5.69133845,179.17223961163864,19.61083984375,1000,200,True,True,True,0.00494474358856678,,True,449cbf75046302386fd606904ba2d997fa76ab389d9a9787f092eba5aeeb63bc,checkpoints/metric/depthart_metric_indoor_b_448.pth,a6000_generated_artifacts_not_included/metric_b_448_fp16.engine,a6000_generated_artifacts_not_included/libdepthart_selective_scan_trt_sm86.so,TensorRT CUDA Graph + SelectiveScan plugin,NVIDIA RTX A6000,560.35.03,2.1.0+cu118,11.8,8907,10.7.0
metric,B,448,trt_fp32,True,6.743396605968475,6.734943866729736,6.793729472160339,148.29322052849682,9.697088996999998,9.658021,10.0525042,103.12373128774743,19.61083984375,1000,200,True,True,True,0.0024076916743069887,,True,449cbf75046302386fd606904ba2d997fa76ab389d9a9787f092eba5aeeb63bc,checkpoints/metric/depthart_metric_indoor_b_448.pth,a6000_generated_artifacts_not_included/metric_b_448_tf32.engine,a6000_generated_artifacts_not_included/libdepthart_selective_scan_trt_sm86.so,TensorRT CUDA Graph + SelectiveScan plugin,NVIDIA RTX A6000,560.35.03,2.1.0+cu118,11.8,8907,10.7.0
metric,L,448,amp,False,6.551808447360992,6.551040172576904,6.559457468986511,152.6296148665321,9.435866718000002,9.4315945,9.529625849999999,105.97860587542901,219.86328125,1000,200,,True,True,0.006268371362239122,,True,584c29c8a366fa21266879a76741ef8676f06b96b50cac0160e064a76d940c8c,checkpoints/metric/depthart_metric_indoor_l_448.pth,,,PyTorch CUDA Graph + custom SelectiveScan,NVIDIA RTX A6000,560.35.03,2.1.0+cu118,11.8,8907,10.7.0
metric,L,448,fp32,True,12.154586424827576,12.158432006835938,12.303830194473267,82.2734698695588,15.26396934,15.2459945,15.58634025,65.51375842844821,220.24609375,1000,200,,True,True,0.0,,True,584c29c8a366fa21266879a76741ef8676f06b96b50cac0160e064a76d940c8c,checkpoints/metric/depthart_metric_indoor_l_448.pth,,,PyTorch CUDA Graph + custom SelectiveScan,NVIDIA RTX A6000,560.35.03,2.1.0+cu118,11.8,8907,10.7.0
metric,L,448,trt_fp16,False,3.3691558136940003,3.3611199855804443,3.4032320976257324,296.8102561286956,6.339052927,6.269674,6.817531300000001,157.75227175351205,19.61083984375,1000,200,True,True,True,0.021899191662669182,,True,584c29c8a366fa21266879a76741ef8676f06b96b50cac0160e064a76d940c8c,checkpoints/metric/depthart_metric_indoor_l_448.pth,a6000_generated_artifacts_not_included/metric_l_448_fp16.engine,a6000_generated_artifacts_not_included/libdepthart_selective_scan_trt_sm86.so,TensorRT CUDA Graph + SelectiveScan plugin,NVIDIA RTX A6000,560.35.03,2.1.0+cu118,11.8,8907,10.7.0
metric,L,448,trt_fp32,True,8.226920093536377,8.223023891448975,8.298689556121825,121.55217124154001,11.228770295999999,11.179616500000002,11.672561850000001,89.05694689971776,19.61083984375,1000,200,True,True,True,0.00176610064227134,,True,584c29c8a366fa21266879a76741ef8676f06b96b50cac0160e064a76d940c8c,checkpoints/metric/depthart_metric_indoor_l_448.pth,a6000_generated_artifacts_not_included/metric_l_448_tf32.engine,a6000_generated_artifacts_not_included/libdepthart_selective_scan_trt_sm86.so,TensorRT CUDA Graph + SelectiveScan plugin,NVIDIA RTX A6000,560.35.03,2.1.0+cu118,11.8,8907,10.7.0
metric,S,448,amp,False,4.749611292362213,4.770624160766602,4.779043078422546,210.5435452387623,7.620043212000001,7.5765685000000005,7.9312821499999995,131.2328515965901,91.28369140625,1000,200,,True,True,0.00937554333359003,,True,81e0ff168d03b5240074a97913fe0da690ebf6cf4f9367bd4899707cb7a1ce25,checkpoints/metric/depthart_metric_indoor_s_448.pth,,,PyTorch CUDA Graph + custom SelectiveScan,NVIDIA RTX A6000,560.35.03,2.1.0+cu118,11.8,8907,10.7.0
metric,S,448,fp32,True,9.065050915718079,9.061792373657227,9.108964967727662,110.31377642524649,12.103941048000001,12.065394999999999,12.4675294,82.61771897552619,91.66650390625,1000,200,,True,True,0.0,,True,81e0ff168d03b5240074a97913fe0da690ebf6cf4f9367bd4899707cb7a1ce25,checkpoints/metric/depthart_metric_indoor_s_448.pth,,,PyTorch CUDA Graph + custom SelectiveScan,NVIDIA RTX A6000,560.35.03,2.1.0+cu118,11.8,8907,10.7.0
metric,S,448,trt_fp16,False,2.557804804086685,2.5589599609375,2.587716841697693,390.96024778836465,5.425381241999999,5.388869,5.71384805,184.31884422399824,19.61083984375,1000,200,True,True,True,0.019030798226594925,,True,81e0ff168d03b5240074a97913fe0da690ebf6cf4f9367bd4899707cb7a1ce25,checkpoints/metric/depthart_metric_indoor_s_448.pth,a6000_generated_artifacts_not_included/metric_s_448_fp16.engine,a6000_generated_artifacts_not_included/libdepthart_selective_scan_trt_sm86.so,TensorRT CUDA Graph + SelectiveScan plugin,NVIDIA RTX A6000,560.35.03,2.1.0+cu118,11.8,8907,10.7.0
metric,S,448,trt_fp32,True,6.3636064295768735,6.357487916946411,6.398051118850708,157.1435963343339,9.300607195,9.270758,9.5860443,107.51986177177758,19.61083984375,1000,200,True,True,True,0.003129703225567937,,True,81e0ff168d03b5240074a97913fe0da690ebf6cf4f9367bd4899707cb7a1ce25,checkpoints/metric/depthart_metric_indoor_s_448.pth,a6000_generated_artifacts_not_included/metric_s_448_tf32.engine,a6000_generated_artifacts_not_included/libdepthart_selective_scan_trt_sm86.so,TensorRT CUDA Graph + SelectiveScan plugin,NVIDIA RTX A6000,560.35.03,2.1.0+cu118,11.8,8907,10.7.0
relative,B,224,amp,False,2.4961752018928527,2.4954240322113037,2.5023695707321165,400.6129053928982,3.376513473,3.363804,3.5211911,296.16348579575174,71.1298828125,1000,200,,True,True,0.0011791522847488523,0.0007746844203211367,True,ae3ee59611f44401ffbed056abb11b8be5fd218d4588bee267393cf0061ceba9,checkpoints/relative/depthart_relative_b_224.pth,,,PyTorch CUDA Graph + custom SelectiveScan,NVIDIA RTX A6000,560.35.03,2.1.0+cu118,11.8,8907,10.7.0
relative,B,224,fp32,True,1.8170444804430008,1.8157440423965454,1.8270080089569092,550.3442600129398,2.685237685,2.6830654999999997,2.7254811,372.40651193974287,71.2255859375,1000,200,,True,True,0.0,2.1916902426255547e-07,True,ae3ee59611f44401ffbed056abb11b8be5fd218d4588bee267393cf0061ceba9,checkpoints/relative/depthart_relative_b_224.pth,,,PyTorch CUDA Graph + custom SelectiveScan,NVIDIA RTX A6000,560.35.03,2.1.0+cu118,11.8,8907,10.7.0
relative,B,224,trt_fp16,False,1.0024134071469306,1.0014560222625732,1.0090928375720978,997.5924033639976,1.852567755,1.8519515000000002,1.8870383000000002,539.7913233138402,10.9970703125,1000,200,True,True,True,0.006352633703500032,0.0025375764816999435,True,ae3ee59611f44401ffbed056abb11b8be5fd218d4588bee267393cf0061ceba9,checkpoints/relative/depthart_relative_b_224.pth,a6000_generated_artifacts_not_included/relative_b_224_fp16.engine,a6000_generated_artifacts_not_included/libdepthart_selective_scan_trt_sm86.so,TensorRT CUDA Graph + SelectiveScan plugin,NVIDIA RTX A6000,560.35.03,2.1.0+cu118,11.8,8907,10.7.0
relative,B,224,trt_fp32,True,1.4322812149524689,1.4318079948425293,1.4377599954605103,698.1869129891406,2.2802019540000003,2.2800795000000003,2.31869665,438.5576454075786,10.9970703125,1000,200,True,True,True,0.0005131247453391552,0.0001978048967430368,True,ae3ee59611f44401ffbed056abb11b8be5fd218d4588bee267393cf0061ceba9,checkpoints/relative/depthart_relative_b_224.pth,a6000_generated_artifacts_not_included/relative_b_224_tf32.engine,a6000_generated_artifacts_not_included/libdepthart_selective_scan_trt_sm86.so,TensorRT CUDA Graph + SelectiveScan plugin,NVIDIA RTX A6000,560.35.03,2.1.0+cu118,11.8,8907,10.7.0
relative,B,448,amp,False,3.405712196111679,3.405503988265991,3.4105630993843077,293.62434122933394,6.308313664,6.259308000000001,6.556293449999999,158.52096982855417,79.4560546875,1000,200,,True,True,0.00035636458778753877,0.00018719742365647107,True,b67b34aad116232a61b2c34e27eb8b24c1971ff185048a0ba171d0627e1b549a,checkpoints/relative/depthart_relative_b_448.pth,,,PyTorch CUDA Graph + custom SelectiveScan,NVIDIA RTX A6000,560.35.03,2.1.0+cu118,11.8,8907,10.7.0
relative,B,448,fp32,True,3.356482147693634,3.355520009994507,3.3633295774459837,297.9309753478468,6.310136036,6.2534625,6.76902135,158.47518885407433,79.8388671875,1000,200,,True,True,0.0,2.4069430537565495e-07,True,b67b34aad116232a61b2c34e27eb8b24c1971ff185048a0ba171d0627e1b549a,checkpoints/relative/depthart_relative_b_448.pth,,,PyTorch CUDA Graph + custom SelectiveScan,NVIDIA RTX A6000,560.35.03,2.1.0+cu118,11.8,8907,10.7.0
relative,B,448,trt_fp16,False,1.4853650888204575,1.4852960109710693,1.4892496347427369,673.2351578251441,4.342180662999999,4.3341835,4.39911135,230.2990312036218,19.6103515625,1000,200,True,True,True,0.0006263554678298533,0.0005564144812524319,True,b67b34aad116232a61b2c34e27eb8b24c1971ff185048a0ba171d0627e1b549a,checkpoints/relative/depthart_relative_b_448.pth,a6000_generated_artifacts_not_included/relative_b_448_fp16.engine,a6000_generated_artifacts_not_included/libdepthart_selective_scan_trt_sm86.so,TensorRT CUDA Graph + SelectiveScan plugin,NVIDIA RTX A6000,560.35.03,2.1.0+cu118,11.8,8907,10.7.0
relative,B,448,trt_fp32,True,2.4285993611812593,2.4274239540100098,2.4369935393333435,411.75996995799454,5.558657843,5.4820364999999995,5.9265118999999995,179.89954198373567,19.6103515625,1000,200,True,True,True,0.00010165332059841603,6.394491356331855e-05,True,b67b34aad116232a61b2c34e27eb8b24c1971ff185048a0ba171d0627e1b549a,checkpoints/relative/depthart_relative_b_448.pth,a6000_generated_artifacts_not_included/relative_b_448_tf32.engine,a6000_generated_artifacts_not_included/libdepthart_selective_scan_trt_sm86.so,TensorRT CUDA Graph + SelectiveScan plugin,NVIDIA RTX A6000,560.35.03,2.1.0+cu118,11.8,8907,10.7.0
relative,L,224,amp,False,3.2115455334186556,3.2109599113464355,3.217184066772461,311.3765598507678,4.147259309,4.13497,4.25337755,241.1230949147289,152.62890625,1000,200,,True,True,0.020582355558872223,0.009450762532651424,True,2ad6e9732bf4039a447ba76145176f539cb916a8742484143bb86ac804422a2e,checkpoints/relative/depthart_relative_l_224.pth,,,PyTorch CUDA Graph + custom SelectiveScan,NVIDIA RTX A6000,560.35.03,2.1.0+cu118,11.8,8907,10.7.0
relative,L,224,fp32,True,2.448102528333664,2.4473440647125244,2.4545983910560607,408.47962388269104,3.340822543,3.321996,3.4880394,299.3274821182264,152.724609375,1000,200,,True,True,0.0,2.3136226445785724e-07,True,2ad6e9732bf4039a447ba76145176f539cb916a8742484143bb86ac804422a2e,checkpoints/relative/depthart_relative_l_224.pth,,,PyTorch CUDA Graph + custom SelectiveScan,NVIDIA RTX A6000,560.35.03,2.1.0+cu118,11.8,8907,10.7.0
relative,L,224,trt_fp16,False,1.3085429121255874,1.307968020439148,1.3159375727176665,764.2087934094629,2.13029409,2.126945,2.15929235,469.4187552292369,10.9970703125,1000,200,True,True,True,0.034207578748464584,0.03424648568034172,True,2ad6e9732bf4039a447ba76145176f539cb916a8742484143bb86ac804422a2e,checkpoints/relative/depthart_relative_l_224.pth,a6000_generated_artifacts_not_included/relative_l_224_fp16.engine,a6000_generated_artifacts_not_included/libdepthart_selective_scan_trt_sm86.so,TensorRT CUDA Graph + SelectiveScan plugin,NVIDIA RTX A6000,560.35.03,2.1.0+cu118,11.8,8907,10.7.0
relative,L,224,trt_fp32,True,2.0140443551540375,2.0133121013641357,2.0206398963928223,496.51339477253885,2.8677787630000005,2.8664245,2.9070463,348.7019336714433,10.9970703125,1000,200,True,True,True,0.0009665766847319901,0.0007632205379195511,True,2ad6e9732bf4039a447ba76145176f539cb916a8742484143bb86ac804422a2e,checkpoints/relative/depthart_relative_l_224.pth,a6000_generated_artifacts_not_included/relative_l_224_tf32.engine,a6000_generated_artifacts_not_included/libdepthart_selective_scan_trt_sm86.so,TensorRT CUDA Graph + SelectiveScan plugin,NVIDIA RTX A6000,560.35.03,2.1.0+cu118,11.8,8907,10.7.0
relative,L,448,amp,False,4.641360256195068,4.64031982421875,4.649485015869141,215.45407914958707,7.571236969,7.527557,7.9852734000000005,132.0788140820903,162.361328125,1000,200,,True,True,0.004994305782020092,0.003004050115123391,True,20a8da150109bf565254a4ad53793b6470268d8b8cdaee6d418d973db398cfb9,checkpoints/relative/depthart_relative_l_448.pth,,,PyTorch CUDA Graph + custom SelectiveScan,NVIDIA RTX A6000,560.35.03,2.1.0+cu118,11.8,8907,10.7.0
relative,L,448,fp32,True,5.0149804191589356,5.014175891876221,5.021503925323486,199.40257317449516,7.876483272,7.8540235,8.0381099,126.96021377394224,162.744140625,1000,200,,True,True,0.0,1.8304690740933438e-07,True,20a8da150109bf565254a4ad53793b6470268d8b8cdaee6d418d973db398cfb9,checkpoints/relative/depthart_relative_l_448.pth,,,PyTorch CUDA Graph + custom SelectiveScan,NVIDIA RTX A6000,560.35.03,2.1.0+cu118,11.8,8907,10.7.0
relative,L,448,trt_fp16,False,2.133256574392319,2.132143974304199,2.1390160441398622,468.76686658512267,4.980340856999999,4.9641645,5.0871799499999995,200.78946977985933,19.6103515625,1000,200,True,True,True,0.01921013928949833,0.011482244357466698,True,20a8da150109bf565254a4ad53793b6470268d8b8cdaee6d418d973db398cfb9,checkpoints/relative/depthart_relative_l_448.pth,a6000_generated_artifacts_not_included/relative_l_448_fp16.engine,a6000_generated_artifacts_not_included/libdepthart_selective_scan_trt_sm86.so,TensorRT CUDA Graph + SelectiveScan plugin,NVIDIA RTX A6000,560.35.03,2.1.0+cu118,11.8,8907,10.7.0
relative,L,448,trt_fp32,True,3.7979566695690155,3.8050400018692017,3.8224639892578125,263.2994757450664,6.654149413,6.6338925,6.7883314,150.2821680027701,19.6103515625,1000,200,True,True,True,0.002149546053260565,0.000662507489323616,True,20a8da150109bf565254a4ad53793b6470268d8b8cdaee6d418d973db398cfb9,checkpoints/relative/depthart_relative_l_448.pth,a6000_generated_artifacts_not_included/relative_l_448_tf32.engine,a6000_generated_artifacts_not_included/libdepthart_selective_scan_trt_sm86.so,TensorRT CUDA Graph + SelectiveScan plugin,NVIDIA RTX A6000,560.35.03,2.1.0+cu118,11.8,8907,10.7.0
relative,S,224,amp,False,2.286224385023117,2.2854080200195312,2.2947263360023498,437.40238558862563,3.1688582549999995,3.1409255,3.321369,315.5710730898565,50.580078125,1000,200,,True,True,0.005311791319400072,0.002671042690053582,True,16171029c12d0d13e3aee4926c10862c1d89b948c0f9820808d88a3355952c90,checkpoints/relative/depthart_relative_s_224.pth,,,PyTorch CUDA Graph + custom SelectiveScan,NVIDIA RTX A6000,560.35.03,2.1.0+cu118,11.8,8907,10.7.0
relative,S,224,fp32,True,1.6896097625494004,1.6886080503463745,1.6972479820251465,591.8526408672797,2.586192905,2.580753,2.64531365,386.66875857042845,50.67578125,1000,200,,True,True,0.0,6.809706576405006e-08,True,16171029c12d0d13e3aee4926c10862c1d89b948c0f9820808d88a3355952c90,checkpoints/relative/depthart_relative_s_224.pth,,,PyTorch CUDA Graph + custom SelectiveScan,NVIDIA RTX A6000,560.35.03,2.1.0+cu118,11.8,8907,10.7.0
relative,S,224,trt_fp16,False,0.9183183351755142,0.9173759818077087,0.9238719940185547,1088.9470042094654,1.774711485,1.771087,1.8190089,563.4718704713854,10.9970703125,1000,200,True,True,True,0.005761043168604374,0.003578437492251396,True,16171029c12d0d13e3aee4926c10862c1d89b948c0f9820808d88a3355952c90,checkpoints/relative/depthart_relative_s_224.pth,a6000_generated_artifacts_not_included/relative_s_224_fp16.engine,a6000_generated_artifacts_not_included/libdepthart_selective_scan_trt_sm86.so,TensorRT CUDA Graph + SelectiveScan plugin,NVIDIA RTX A6000,560.35.03,2.1.0+cu118,11.8,8907,10.7.0
relative,S,224,trt_fp32,True,1.2945145283937454,1.296239972114563,1.3037152111530304,772.4903645854143,2.133199994,2.131336,2.1767168999999997,468.7793000246933,10.9970703125,1000,200,True,True,True,0.0022209398448467255,0.0003147986135445535,True,16171029c12d0d13e3aee4926c10862c1d89b948c0f9820808d88a3355952c90,checkpoints/relative/depthart_relative_s_224.pth,a6000_generated_artifacts_not_included/relative_s_224_tf32.engine,a6000_generated_artifacts_not_included/libdepthart_selective_scan_trt_sm86.so,TensorRT CUDA Graph + SelectiveScan plugin,NVIDIA RTX A6000,560.35.03,2.1.0+cu118,11.8,8907,10.7.0
relative,S,448,amp,False,3.023831903219223,3.0232479572296143,3.02892804145813,330.7062138392624,5.885702971,5.8786605000000005,5.9924819000000005,169.90323924384123,58.90625,1000,200,,True,True,0.006150611210614443,0.0015305004781112075,True,5406a0099a83739f2bcd4b85bbcb97c8e947d3780923e1a0c69f96bd59039f2a,checkpoints/relative/depthart_relative_s_448.pth,,,PyTorch CUDA Graph + custom SelectiveScan,NVIDIA RTX A6000,560.35.03,2.1.0+cu118,11.8,8907,10.7.0
relative,S,448,fp32,True,2.936585793018341,2.9360480308532715,2.941729712486267,340.5315119270395,5.860008522999999,5.819698499999999,6.16358945,170.64821596676714,59.2890625,1000,200,,True,True,0.0,7.553352787681433e-08,True,5406a0099a83739f2bcd4b85bbcb97c8e947d3780923e1a0c69f96bd59039f2a,checkpoints/relative/depthart_relative_s_448.pth,,,PyTorch CUDA Graph + custom SelectiveScan,NVIDIA RTX A6000,560.35.03,2.1.0+cu118,11.8,8907,10.7.0
relative,S,448,trt_fp16,False,1.3549643193483352,1.3544960021972656,1.3594880104064941,738.0268142270685,4.235243492,4.202458,4.44071155,236.1139334465448,19.6103515625,1000,200,True,True,True,0.0117583516985178,0.0024930699728429317,True,5406a0099a83739f2bcd4b85bbcb97c8e947d3780923e1a0c69f96bd59039f2a,checkpoints/relative/depthart_relative_s_448.pth,a6000_generated_artifacts_not_included/relative_s_448_fp16.engine,a6000_generated_artifacts_not_included/libdepthart_selective_scan_trt_sm86.so,TensorRT CUDA Graph + SelectiveScan plugin,NVIDIA RTX A6000,560.35.03,2.1.0+cu118,11.8,8907,10.7.0
relative,S,448,trt_fp32,True,2.117663904428482,2.1167359352111816,2.1252511620521544,472.21846578618494,5.117620593,5.0002565,5.7291462,195.40330937542012,19.6103515625,1000,200,True,True,True,0.001135069876909256,0.00033130936208181083,True,5406a0099a83739f2bcd4b85bbcb97c8e947d3780923e1a0c69f96bd59039f2a,checkpoints/relative/depthart_relative_s_448.pth,a6000_generated_artifacts_not_included/relative_s_448_tf32.engine,a6000_generated_artifacts_not_included/libdepthart_selective_scan_trt_sm86.so,TensorRT CUDA Graph + SelectiveScan plugin,NVIDIA RTX A6000,560.35.03,2.1.0+cu118,11.8,8907,10.7.0
